Unnamed: 0,cgpa,iq,placement
0,7.1,118.0,0
1,6.33,106.0,0
2,7.28,117.0,0
3,8.33,126.0,1
4,6.22,116.0,1
5,6.22,116.0,1
6,8.4,101.0,0
7,7.42,102.0,1
8,5.94,87.0,0
9,7.15,150.0,0
10,5.94,90.0,0
11,5.94,101.0,0
12,6.79,101.0,0
13,4.2,133.0,0
14,4.43,109.0,0
15,5.83,140.0,0
16,5.28,102.0,0
17,6.88,121.0,0
18,5.41,98.0,0
19,4.81,158.0,0
20,8.26,91.0,1
21,6.23,121.0,1
22,6.58,128.0,0
23,4.79,123.0,0
24,5.85,111.0,0
25,6.63,112.0,0
26,5.12,116.0,0
27,6.95,112.0,0
28,5.78,134.0,1
29,6.15,159.0,0
30,5.78,104.0,1
31,8.72,88.0,0
32,6.48,113.0,0
33,5.23,167.0,0
34,7.49,99.0,0
35,5.03,148.0,0
36,6.75,149.0,1
37,4.15,104.0,1
38,4.91,126.0,0
39,6.74,148.0,0
40,7.39,107.0,1
41,6.71,111.0,1
42,6.36,103.0,0
43,6.14,95.0,0
44,4.73,102.0,0
45,5.64,91.0,0
46,5.95,116.0,0
47,7.77,100.0,0
48,6.91,120.0,0
49,4.38,84.0,0
50,6.89,122.0,0
51,6.04,132.0,0
52,5.69,80.0,1
53,7.23,122.0,0
54,7.74,140.0,1
55,7.62,91.0,1
56,5.49,148.0,0
57,6.13,123.0,0
58,6.9,101.0,0
59,7.67,114.0,1
60,5.92,126.0,0
61,6.28,117.0,0
62,5.17,126.0,0
63,5.06,97.0,0
64,7.48,118.0,1
65,8.13,87.0,1
66,6.41,113.0,0
67,7.7,97.0,0
68,6.93,100.0,0
69,5.73,140.0,0
70,6.93,137.0,1
71,8.35,127.0,1
72,6.46,93.0,0
73,8.38,109.0,0
74,4.0,139.0,0
75,7.49,118.0,1
76,6.6,161.0,1
77,6.14,123.0,1
78,6.61,119.0,0
79,4.11,109.0,0
80,6.24,118.0,0
81,6.93,112.0,1
82,8.27,129.0,1
83,5.88,134.0,0
84,5.53,99.0,0
85,5.9,88.0,0
86,7.6,80.0,0
87,6.89,125.0,0
88,5.86,93.0,0
89,7.12,80.0,0
90,6.62,123.0,1
91,7.66,165.0,1
92,5.66,115.0,0
93,6.11,132.0,1
94,6.03,117.0,0
95,4.74,113.0,0
96,6.86,133.0,0
97,6.81,109.0,0
98,6.51,120.0,0
99,6.22,121.0,0
100,4.8,102.0,0
101,6.0,135.0,1
102,6.09,112.0,0
103,5.54,100.0,0
104,6.31,126.0,0
105,6.98,97.0,0
106,8.76,116.0,1
107,6.71,115.0,1
108,6.81,137.0,0
109,6.41,124.0,0
110,4.2,114.0,0
111,6.47,131.0,1
112,6.57,143.0,1
113,9.46,126.0,1
114,6.27,115.0,0
115,6.86,89.0,0
116,6.46,94.0,0
117,5.1,109.0,0
118,7.87,103.0,0
119,7.4,111.0,0
120,7.45,116.0,1
121,5.41,126.0,1
122,8.18,114.0,1
123,4.82,125.0,0
124,7.2,116.0,1
125,9.13,80.0,1
126,5.31,96.0,0
127,5.82,112.0,0
128,6.62,91.0,1
129,5.9,127.0,0
130,4.64,146.0,0
131,6.58,139.0,0
132,5.23,111.0,1
133,7.07,145.0,0
134,5.4,118.0,0
135,8.36,108.0,1
136,5.56,103.0,0
137,6.11,109.0,0
138,7.48,107.0,0
139,5.02,118.0,0
140,6.77,118.0,0
141,8.07,115.0,0
142,4.57,124.0,0
143,6.72,139.0,0
144,6.81,134.0,1
145,7.44,85.0,0
146,5.02,80.0,0
147,4.92,134.0,0
148,7.13,88.0,0
149,6.86,111.0,1
150,6.8,92.0,0
151,6.92,80.0,0
152,5.68,126.0,1
153,6.78,130.0,1
154,6.85,103.0,0
155,5.64,80.0,0
156,8.74,104.0,0
157,7.07,123.0,0
158,5.07,85.0,0
159,7.29,119.0,1
160,5.33,115.0,0
161,7.44,127.0,1
162,7.89,117.0,1
163,5.52,96.0,0
164,7.66,139.0,1
165,7.0,112.0,0
166,7.49,114.0,0
167,8.78,96.0,1
168,6.21,106.0,0
169,5.6,97.0,0
170,5.43,112.0,0
171,5.52,149.0,0
172,6.41,88.0,0
173,6.91,83.0,0
174,6.83,144.0,1
175,7.49,111.0,0
176,6.52,102.0,0
177,8.24,136.0,1
178,6.18,103.0,0
179,9.76,152.0,1
180,7.25,129.0,1
181,5.47,105.0,0
182,5.21,158.0,0
183,7.08,103.0,1
184,6.23,130.0,1
185,7.36,121.0,0
186,7.07,141.0,0
187,6.41,146.0,0
188,5.48,116.0,0
189,4.68,100.0,0
190,5.96,124.0,0
191,7.53,101.0,0
192,6.76,155.0,1
193,5.01,118.0,0
194,6.71,108.0,0
195,6.96,119.0,0
196,5.44,88.0,0
197,6.68,96.0,0
198,6.57,139.0,1
199,5.13,102.0,0
200,6.93,94.0,0
201,7.17,126.0,1
202,7.8,139.0,1
203,7.76,129.0,0
204,4.85,135.0,0
205,5.37,100.0,0
206,7.12,87.0,0
207,7.12,145.0,0
208,7.12,109.0,1
209,10.0,110.0,1
210,7.19,142.0,1
211,7.86,126.0,0
212,7.64,124.0,1
213,7.28,158.0,1
214,6.12,102.0,0
215,7.41,134.0,1
216,5.57,116.0,0
217,6.22,120.0,0
218,5.92,146.0,1
219,6.6,125.0,1
220,9.28,126.0,1
221,4.26,136.0,0
222,7.32,108.0,1
223,4.56,98.0,0
224,5.93,94.0,0
225,7.81,80.0,0
226,6.58,156.0,0
227,5.21,93.0,0
228,5.64,111.0,0
229,7.32,109.0,0
230,5.62,121.0,0
231,6.76,131.0,1
232,6.55,132.0,0
233,5.72,103.0,0
234,9.07,112.0,1
235,7.26,121.0,1
236,4.07,110.0,0
237,6.72,147.0,1
238,5.71,125.0,0
239,7.52,130.0,1
240,5.55,128.0,1
241,6.36,138.0,0
242,7.11,119.0,0
243,7.54,89.0,0
244,5.06,123.0,0
245,6.1,102.0,0
246,5.93,104.0,0
247,5.72,127.0,0
248,8.62,140.0,0
249,6.99,115.0,1
250,4.99,121.0,0
251,7.6,149.0,1
252,9.05,120.0,1
253,7.74,167.0,1
254,4.68,126.0,0
255,5.92,80.0,0
256,8.02,130.0,0
257,5.65,123.0,0
258,7.03,141.0,1
259,7.43,128.0,1
260,5.39,112.0,0
261,6.43,91.0,0
262,4.0,111.0,0
263,5.27,98.0,1
264,6.2,103.0,0
265,5.0,127.0,0
266,8.46,148.0,1
267,4.78,123.0,0
268,5.97,91.0,1
269,6.66,124.0,1
270,8.23,139.0,1
271,4.78,103.0,1
272,7.9,112.0,1
273,6.51,115.0,0
274,5.32,99.0,0
275,7.05,128.0,0
276,6.74,113.0,0
277,5.78,123.0,0
278,6.58,97.0,0
279,6.04,106.0,0
280,6.64,129.0,1
281,7.29,108.0,0
282,8.4,150.0,1
283,5.01,107.0,0
284,9.06,119.0,1
285,4.16,134.0,0
286,6.32,87.0,0
287,7.21,80.0,0
288,6.84,84.0,0
289,5.75,140.0,0
290,6.25,104.0,0
291,5.91,166.0,1
292,5.79,104.0,0
293,7.52,119.0,0
294,6.93,146.0,1
295,5.67,155.0,1
296,7.58,156.0,1
297,6.87,139.0,0
298,7.48,135.0,1
299,7.26,127.0,1
300,5.51,131.0,0
301,5.83,104.0,0
302,7.4,99.0,0
303,7.23,115.0,1
304,6.47,112.0,0
305,6.64,106.0,0
306,8.03,129.0,1
307,5.79,134.0,0
308,7.16,117.0,0
309,6.26,145.0,1
310,6.24,92.0,0
311,7.82,111.0,1
312,7.49,101.0,0
313,7.48,80.0,0
314,8.07,113.0,1
315,6.53,113.0,0
316,7.32,145.0,1
317,6.13,128.0,0
318,6.89,95.0,0
319,6.34,152.0,1
320,6.62,139.0,1
321,7.21,127.0,0
322,5.52,110.0,0
323,9.01,96.0,1
324,5.29,108.0,0
325,5.04,137.0,0
326,7.89,153.0,1
327,7.45,146.0,1
328,7.25,105.0,0
329,7.25,93.0,0
330,6.49,118.0,1
331,5.42,80.0,0
332,6.59,121.0,0
333,5.69,112.0,0
334,7.67,106.0,1
335,6.32,83.0,0
336,5.51,125.0,0
337,6.11,104.0,0
338,7.0,92.0,1
339,5.82,80.0,0
340,5.51,114.0,0
341,6.79,150.0,1
342,6.79,148.0,1
343,5.89,106.0,0
344,5.93,103.0,0
345,6.78,124.0,0
346,4.76,95.0,0
347,4.81,121.0,1
348,5.64,130.0,0
349,6.24,140.0,0
350,6.87,113.0,1
351,8.27,111.0,1
352,7.53,97.0,0
353,6.31,98.0,0
354,6.48,110.0,0
355,5.3,122.0,0
356,6.48,133.0,0
357,6.15,99.0,0
358,6.89,145.0,0
359,5.51,110.0,0
360,7.12,115.0,0
361,8.34,100.0,0
362,6.37,80.0,0
363,6.98,133.0,0
364,7.33,130.0,1
365,6.02,109.0,0
366,6.77,116.0,1
367,6.52,125.0,0
368,6.62,84.0,0
369,5.57,104.0,0
370,6.53,131.0,0
371,7.1,90.0,0
372,8.24,121.0,1
373,7.65,88.0,0
374,9.08,124.0,1
375,5.58,114.0,0
376,7.55,83.0,0
377,6.72,138.0,0
378,9.13,100.0,1
379,5.53,99.0,0
380,5.49,119.0,0
381,5.78,138.0,0
382,4.0,95.0,0
383,5.87,116.0,0
384,5.59,124.0,0
385,6.68,129.0,0
386,6.91,119.0,0
387,8.75,108.0,1
388,7.64,98.0,0
389,5.81,117.0,0
390,5.42,94.0,0
391,7.09,80.0,0
392,4.92,124.0,0
393,8.7,133.0,1
394,7.92,80.0,1
395,5.94,95.0,0
396,4.44,127.0,0
397,8.12,156.0,1
398,6.36,115.0,0
399,7.99,100.0,1
400,4.59,111.0,0
401,5.78,142.0,1
402,6.51,102.0,0
403,6.56,99.0,0
404,5.96,105.0,0
405,7.25,96.0,0
406,5.22,117.0,0
407,6.33,147.0,0
408,6.64,121.0,1
409,7.12,110.0,0
410,7.35,109.0,0
411,5.15,84.0,0
412,4.66,133.0,0
413,8.03,113.0,1
414,6.9,111.0,1
415,5.6,179.0,0
416,8.36,121.0,1
417,6.64,100.0,0
418,7.92,106.0,1
419,6.58,138.0,0
420,8.97,117.0,1
421,8.61,86.0,1
422,6.2,133.0,0
423,7.67,102.0,0
424,7.27,152.0,1
425,8.14,137.0,1
426,5.34,106.0,0
427,7.32,141.0,1
428,7.77,116.0,1
429,4.39,132.0,0
430,5.08,125.0,0
431,4.05,98.0,1
432,6.18,102.0,0
433,7.36,136.0,1
434,8.3,108.0,1
435,6.59,107.0,0
436,8.45,96.0,1
437,4.84,123.0,0
438,4.46,156.0,1
439,6.43,94.0,0
440,6.96,115.0,0
441,6.46,143.0,0
442,4.02,113.0,0
443,6.39,124.0,0
444,4.93,94.0,0
445,7.3,124.0,0
446,6.94,111.0,0
447,5.37,135.0,0
448,5.88,139.0,0
449,5.23,167.0,0
450,6.42,127.0,0
451,7.65,122.0,1
452,5.32,119.0,0
453,7.1,108.0,0
454,5.86,122.0,0
455,5.55,109.0,0
456,6.37,118.0,0
457,5.26,141.0,0
458,5.84,95.0,0
459,5.06,138.0,0
460,8.86,141.0,1
461,6.54,113.0,0
462,5.66,80.0,0
463,6.76,103.0,0
464,6.37,141.0,0
465,6.23,115.0,0
466,7.24,95.0,0
467,7.41,105.0,0
468,5.86,132.0,0
469,5.81,126.0,0
470,6.17,110.0,0
471,4.0,108.0,0
472,4.68,107.0,0
473,8.14,97.0,0
474,8.47,147.0,1
475,6.2,109.0,0
476,7.19,139.0,0
477,6.87,145.0,0
478,10.0,135.0,0
479,7.84,106.0,0
480,6.35,123.0,0
481,5.35,115.0,0
482,4.57,97.0,0
483,6.74,121.0,0
484,5.59,91.0,0
485,4.79,139.0,0
486,5.72,106.0,0
487,5.2,119.0,0
488,8.52,121.0,1
489,7.56,110.0,1
490,6.49,127.0,0
491,8.28,106.0,0
492,6.59,132.0,1
493,5.47,88.0,0
494,8.33,118.0,1
495,7.15,154.0,1
496,5.26,95.0,0
497,6.27,101.0,0
498,5.45,125.0,0
499,4.84,119.0,0
500,7.61,122.0,1
501,8.79,125.0,1
502,4.82,128.0,0
503,7.18,137.0,1
504,5.72,123.0,0
505,5.92,110.0,0
506,5.79,128.0,0
507,5.46,153.0,0
508,6.56,112.0,0
509,5.5,96.0,0
510,6.82,137.0,0
511,6.44,113.0,0
512,6.21,80.0,0
513,5.41,132.0,0
514,5.81,104.0,0
515,7.41,113.0,1
516,7.1,122.0,0
517,5.33,119.0,0
518,6.62,129.0,0
519,7.4,106.0,1
520,4.5,125.0,0
521,7.15,110.0,1
522,5.7,130.0,0
523,7.18,127.0,0
524,5.58,96.0,0
525,4.33,137.0,0
526,4.55,104.0,0
527,6.56,131.0,0
528,6.81,122.0,1
529,5.41,152.0,1
530,7.27,111.0,1
531,4.51,108.0,0
532,6.42,115.0,0
533,5.05,109.0,0
534,5.72,131.0,0
535,6.56,83.0,0
536,5.47,94.0,0
537,6.04,94.0,0
538,7.71,134.0,0
539,5.81,149.0,0
540,7.5,113.0,0
541,5.14,112.0,0
542,7.14,116.0,1
543,8.23,138.0,1
544,4.0,96.0,0
545,5.54,120.0,0
546,7.19,135.0,1
547,6.26,125.0,0
548,6.95,119.0,0
549,5.78,135.0,0
550,6.6,80.0,0
551,6.31,129.0,1
552,7.9,102.0,1
553,6.81,80.0,0
554,6.91,125.0,0
555,6.01,142.0,1
556,5.91,112.0,0
557,5.98,134.0,0
558,6.97,147.0,1
559,5.99,141.0,0
560,6.85,148.0,0
561,8.99,130.0,1
562,7.55,117.0,0
563,6.11,83.0,0
564,7.94,110.0,1
565,6.01,98.0,0
566,4.05,158.0,0
567,5.29,111.0,0
568,4.26,117.0,0
569,6.08,126.0,1
570,6.52,116.0,1
571,8.51,149.0,1
572,6.89,103.0,0
573,6.24,119.0,1
574,7.5,100.0,1
575,4.0,89.0,0
576,6.78,103.0,0
577,7.43,114.0,0
578,4.73,106.0,0
579,7.87,101.0,0
580,6.91,87.0,0
581,6.0,113.0,0
582,7.26,85.0,0
583,9.22,130.0,1
584,6.72,117.0,0
585,6.8,86.0,0
586,5.95,109.0,1
587,5.48,100.0,0
588,7.5,121.0,0
589,5.47,142.0,1
590,6.59,80.0,0
591,5.93,117.0,0
592,7.07,112.0,0
593,6.9,128.0,0
594,7.75,119.0,0
595,5.89,100.0,0
596,6.18,109.0,0
597,5.33,99.0,0
598,5.97,137.0,0
599,6.95,115.0,0
600,7.41,153.0,0
601,5.39,114.0,0
602,7.54,101.0,0
603,8.13,85.0,1
604,7.0,80.0,0
605,8.75,83.0,1
606,5.57,120.0,0
607,5.01,125.0,0
608,4.37,83.0,0
609,8.3,133.0,1
610,7.29,105.0,0
611,6.43,118.0,1
612,6.84,147.0,0
613,5.15,133.0,0
614,9.43,110.0,0
615,6.66,97.0,0
616,6.63,80.0,0
617,7.37,101.0,0
618,7.08,111.0,0
619,6.77,95.0,0
620,5.55,112.0,0
621,7.07,117.0,0
622,8.76,111.0,0
623,8.11,102.0,1
624,8.41,118.0,0
625,5.89,124.0,0
626,5.31,93.0,0
627,6.35,143.0,1
628,6.57,113.0,1
629,7.81,115.0,1
630,4.47,129.0,0
631,8.34,120.0,1
632,6.31,134.0,0
633,5.99,121.0,0
634,5.29,103.0,1
635,4.51,122.0,0
636,7.49,92.0,1
637,6.59,117.0,0
638,4.95,114.0,0
639,4.95,111.0,0
640,6.1,112.0,0
641,8.5,80.0,0
642,6.19,104.0,0
643,4.7,117.0,0
644,6.21,118.0,0
645,6.17,94.0,0
646,4.0,140.0,0
647,6.43,98.0,0
648,6.22,134.0,0
649,7.34,124.0,1
650,8.72,102.0,0
651,7.85,151.0,1
652,6.18,91.0,0
653,5.17,133.0,0
654,9.59,135.0,1
655,6.57,102.0,0
656,6.52,143.0,0
657,6.47,110.0,0
658,6.74,121.0,0
659,6.33,120.0,0
660,5.81,112.0,0
661,5.84,131.0,0
662,6.46,131.0,0
663,5.85,80.0,1
664,5.64,141.0,0
665,6.63,82.0,0
666,6.19,136.0,1
667,8.3,138.0,1
668,4.0,93.0,0
669,7.81,107.0,1
670,8.0,93.0,0
671,4.01,111.0,0
672,6.09,109.0,0
673,6.05,131.0,1
674,4.81,141.0,0
675,5.57,143.0,1
676,5.17,104.0,0
677,8.6,111.0,1
678,7.62,81.0,0
679,8.03,99.0,0
680,7.37,134.0,1
681,5.15,147.0,0
682,5.87,90.0,0
683,7.09,103.0,0
684,5.03,114.0,0
685,7.36,121.0,1
686,6.21,99.0,0
687,6.05,123.0,0
688,7.35,106.0,0
689,7.03,115.0,0
690,6.07,126.0,0
691,7.89,115.0,1
692,5.2,106.0,0
693,7.24,113.0,0
694,7.21,113.0,0
695,6.13,108.0,0
696,6.89,110.0,1
697,5.0,147.0,0
698,7.61,126.0,1
699,6.28,109.0,0
700,5.87,129.0,0
701,7.76,108.0,1
702,5.65,138.0,1
703,4.81,122.0,0
704,4.63,113.0,0
705,7.23,124.0,1
706,4.96,84.0,0
707,8.61,92.0,1
708,4.0,91.0,0
709,8.54,118.0,0
710,6.75,150.0,0
711,6.38,160.0,1
712,5.85,128.0,0
713,6.98,125.0,0
714,6.45,80.0,0
715,7.82,104.0,1
716,6.64,99.0,0
717,6.68,103.0,0
718,6.06,112.0,0
719,6.43,106.0,1
720,6.87,80.0,0
721,4.45,130.0,0
722,4.88,94.0,0
723,7.39,120.0,0
724,6.71,156.0,1
725,6.28,97.0,0
726,6.52,80.0,0
727,6.92,109.0,1
728,5.85,137.0,0
729,5.57,154.0,0
730,6.74,90.0,0
731,5.33,125.0,0
732,6.99,106.0,1
733,4.46,113.0,0
734,7.73,168.0,1
735,7.07,85.0,0
736,6.81,120.0,1
737,7.68,124.0,1
738,8.5,137.0,1
739,7.72,117.0,0
740,4.29,121.0,0
741,4.96,107.0,0
742,5.75,120.0,0
743,6.53,108.0,0
744,7.12,127.0,1
745,5.63,108.0,0
746,6.72,123.0,0
747,5.59,114.0,0
748,5.77,138.0,0
749,4.81,114.0,0
750,5.39,80.0,0
751,4.88,140.0,0
752,5.33,97.0,0
753,7.76,102.0,0
754,5.36,103.0,0
755,9.66,142.0,1
756,7.09,80.0,0
757,6.72,178.0,1
758,5.47,136.0,1
759,7.34,119.0,1
760,5.81,114.0,0
761,6.65,121.0,0
762,9.57,125.0,1
763,6.38,128.0,0
764,7.88,126.0,0
765,5.66,117.0,0
766,6.46,111.0,0
767,8.62,112.0,1
768,5.75,111.0,0
769,8.67,138.0,1
770,7.35,127.0,0
771,5.83,80.0,0
772,7.26,128.0,0
773,7.67,119.0,1
774,7.25,115.0,0
775,4.62,107.0,0
776,5.63,137.0,1
777,6.2,134.0,0
778,6.41,100.0,0
779,7.24,123.0,1
780,6.71,96.0,0
781,4.9,87.0,0
782,6.96,102.0,0
783,7.23,132.0,0
784,7.17,134.0,0
785,7.8,125.0,1
786,7.5,130.0,0
787,7.05,125.0,1
788,6.42,102.0,0
789,4.51,124.0,0
790,7.02,131.0,0
791,6.75,130.0,1
792,6.83,139.0,1
793,4.97,129.0,0
794,5.2,122.0,0
795,7.76,136.0,0
796,6.45,114.0,0
797,7.32,97.0,0
798,6.53,112.0,0
799,6.54,100.0,0
800,7.63,101.0,0
801,5.88,112.0,0
802,6.62,99.0,0
803,5.95,109.0,0
804,5.98,80.0,0
805,6.13,119.0,0
806,6.77,115.0,1
807,5.93,99.0,0
808,8.01,128.0,1
809,5.43,134.0,1
810,6.28,83.0,0
811,5.97,100.0,0
812,8.24,100.0,1
813,6.74,96.0,0
814,7.74,132.0,1
815,4.72,111.0,0
816,6.82,110.0,0
817,7.57,80.0,0
818,6.6,128.0,0
819,7.78,90.0,0
820,5.88,116.0,0
821,8.19,121.0,1
822,9.26,142.0,1
823,6.06,89.0,0
824,5.97,80.0,0
825,8.24,119.0,0
826,8.4,151.0,1
827,5.87,140.0,1
828,6.0,119.0,0
829,6.16,105.0,0
830,4.89,131.0,0
831,5.4,96.0,0
832,5.3,125.0,0
833,5.58,125.0,1
834,6.46,136.0,0
835,6.78,170.0,1
836,8.36,123.0,1
837,5.3,105.0,0
838,7.68,114.0,1
839,6.24,80.0,0
840,6.44,101.0,0
841,7.31,107.0,1
842,5.15,105.0,0
843,6.96,118.0,1
844,6.7,99.0,0
845,7.09,137.0,1
846,6.85,115.0,0
847,9.45,115.0,1
848,5.73,108.0,0
849,5.86,118.0,0
850,5.75,132.0,0
851,5.83,98.0,0
852,5.74,102.0,0
853,7.93,109.0,1
854,8.2,88.0,0
855,5.82,99.0,0
856,5.5,105.0,0
857,7.07,132.0,0
858,5.84,120.0,0
859,7.26,119.0,1
860,6.74,132.0,0
861,4.68,112.0,0
862,8.36,123.0,1
863,8.66,113.0,0
864,5.76,120.0,0
865,6.03,103.0,0
866,6.84,80.0,0
867,6.9,112.0,0
868,7.29,143.0,1
869,8.91,134.0,1
870,6.29,134.0,0
871,5.54,140.0,0
872,4.84,117.0,0
873,5.62,119.0,0
874,6.46,103.0,0
875,8.65,109.0,1
876,5.88,127.0,0
877,6.77,139.0,1
878,6.48,112.0,0
879,7.93,106.0,1
880,9.53,115.0,1
881,5.86,127.0,0
882,5.91,86.0,0
883,7.75,80.0,0
884,7.32,104.0,0
885,8.72,91.0,1
886,7.2,105.0,0
887,6.07,112.0,0
888,7.21,106.0,0
889,7.83,144.0,1
890,7.48,122.0,1
891,7.11,121.0,0
892,7.78,127.0,1
893,7.9,92.0,0
894,8.16,136.0,1
895,7.28,113.0,0
896,6.3,128.0,1
897,6.68,94.0,0
898,7.95,84.0,0
899,5.52,131.0,0
900,6.94,123.0,0
901,6.03,97.0,0
902,6.53,98.0,0
903,8.03,138.0,1
904,6.73,91.0,0
905,6.56,148.0,1
906,4.87,97.0,0
907,7.4,128.0,0
908,7.27,108.0,1
909,9.1,127.0,1
910,6.13,104.0,0
911,6.76,112.0,0
912,6.8,116.0,1
913,8.39,95.0,0
914,6.39,130.0,0
915,6.83,105.0,0
916,7.23,110.0,0
917,6.72,95.0,0
918,5.96,80.0,0
919,6.73,111.0,1
920,7.79,163.0,1
921,5.27,131.0,0
922,6.66,115.0,0
923,5.66,110.0,0
924,7.93,115.0,1
925,4.67,126.0,0
926,5.83,91.0,0
927,6.95,137.0,0
928,8.38,129.0,1
929,6.42,129.0,1
930,5.83,124.0,1
931,8.76,115.0,0
932,4.76,128.0,0
933,4.0,127.0,0
934,7.03,108.0,1
935,5.9,104.0,0
936,5.27,117.0,0
937,7.35,146.0,1
938,6.79,90.0,0
939,5.82,86.0,0
940,4.96,118.0,0
941,7.55,116.0,0
942,7.28,118.0,0
943,6.38,120.0,1
944,8.72,111.0,0
945,5.22,145.0,1
946,4.67,83.0,0
947,5.67,98.0,0
948,6.45,113.0,0
949,6.79,82.0,0
950,6.21,111.0,0
951,6.92,148.0,1
952,5.0,115.0,0
953,8.23,120.0,1
954,6.4,90.0,0
955,7.84,103.0,0
956,6.91,107.0,0
957,7.05,109.0,0
958,7.18,141.0,1
959,7.04,126.0,0
960,7.27,93.0,0
961,8.09,120.0,0
962,6.74,125.0,0
963,7.35,138.0,0
964,6.39,147.0,0
965,8.23,95.0,1
966,5.69,99.0,0
967,8.66,90.0,1
968,6.45,110.0,0
969,4.78,124.0,1
970,6.65,135.0,0
971,5.68,113.0,0
972,7.51,109.0,1
973,5.72,118.0,1
974,5.96,98.0,0
975,4.23,157.0,0
976,5.96,83.0,0
977,4.0,119.0,1
978,4.6,155.0,0
979,7.41,115.0,0
980,7.44,111.0,1
981,7.01,108.0,1
982,5.34,111.0,0
983,6.44,142.0,1
984,6.5,80.0,0
985,5.11,146.0,0
986,8.3,87.0,1
987,7.55,110.0,0
988,6.23,106.0,0
989,6.53,127.0,0
990,6.75,83.0,0
991,4.05,124.0,0
992,6.2,155.0,1
993,5.68,88.0,0
994,5.3,119.0,0
995,6.16,102.0,0
996,8.66,124.0,1
997,7.27,115.0,1
998,5.81,102.0,0
999,7.19,125.0,0
1000,8.18,151.0,1
1001,7.61,111.0,1
1002,6.57,129.0,0
1003,5.72,89.0,0
1004,7.34,96.0,0
1005,6.97,124.0,0
1006,7.57,145.0,1
1007,7.26,122.0,1
1008,7.76,109.0,0
1009,5.86,115.0,1
1010,8.08,90.0,0
1011,6.74,127.0,0
1012,8.99,133.0,1
1013,5.67,106.0,0
1014,8.58,106.0,0
1015,6.74,120.0,0
1016,5.72,106.0,0
1017,5.92,114.0,0
1018,6.12,157.0,0
1019,7.01,110.0,0
1020,7.13,108.0,0
1021,5.81,102.0,0
1022,6.47,130.0,0
1023,9.07,111.0,1
1024,8.57,102.0,0
1025,7.02,141.0,1
1026,6.55,143.0,1
1027,6.64,103.0,0
1028,7.24,80.0,0
1029,5.27,135.0,0
1030,6.19,101.0,0
1031,4.5,131.0,0
1032,6.98,80.0,0
1033,7.28,133.0,1
1034,5.92,91.0,0
1035,8.39,130.0,1
1036,5.03,115.0,0
1037,4.74,96.0,0
1038,6.77,107.0,0
1039,7.76,129.0,1
1040,8.52,117.0,1
1041,5.95,127.0,0
1042,7.79,155.0,1
1043,6.45,84.0,0
1044,6.29,147.0,1
1045,7.56,117.0,0
1046,7.28,97.0,0
1047,4.61,88.0,0
1048,8.27,111.0,1
1049,8.16,133.0,1
1050,5.75,112.0,0
1051,6.97,145.0,0
1052,7.09,86.0,0
1053,6.81,115.0,0
1054,5.84,90.0,0
1055,5.69,122.0,1
1056,6.47,133.0,1
1057,7.91,107.0,0
1058,7.15,80.0,0
1059,6.06,119.0,0
1060,7.43,124.0,1
1061,4.0,123.0,0
1062,7.88,140.0,1
1063,4.41,94.0,0
1064,6.07,129.0,0
1065,5.16,139.0,0
1066,4.95,80.0,0
1067,7.89,121.0,1
1068,5.94,105.0,0
1069,6.92,113.0,0
1070,6.44,122.0,1
1071,7.07,105.0,0
1072,6.59,101.0,0
1073,4.96,116.0,0
1074,7.7,93.0,0
1075,5.91,93.0,0
1076,4.63,129.0,0
1077,5.99,92.0,0
1078,8.3,128.0,1
1079,7.52,124.0,1
1080,6.08,80.0,0
1081,6.08,101.0,0
1082,6.11,139.0,0
1083,8.99,95.0,1
1084,6.96,106.0,0
1085,7.02,124.0,0
1086,7.74,131.0,1
1087,6.79,110.0,0
1088,6.19,103.0,0
1089,6.26,143.0,0
1090,6.41,150.0,0
1091,6.46,135.0,0
1092,7.37,117.0,1
1093,6.56,99.0,1
1094,7.38,98.0,0
1095,6.4,125.0,1
1096,6.59,123.0,1
1097,4.1,143.0,0
1098,7.6,128.0,1
1099,6.92,85.0,1
1100,7.7,136.0,1
1101,4.0,95.0,0
1102,9.01,107.0,1
1103,6.33,120.0,0
1104,7.83,155.0,1
1105,5.25,177.0,0
1106,7.24,127.0,1
1107,5.24,111.0,0
1108,5.75,126.0,0
1109,8.8,133.0,1
1110,6.27,109.0,0
1111,6.76,151.0,0
1112,7.54,120.0,1
1113,7.09,125.0,0
1114,6.68,128.0,1
1115,6.94,123.0,1
1116,9.38,132.0,1
1117,6.43,103.0,0
1118,6.74,104.0,0
1119,7.76,93.0,0
1120,7.83,124.0,1
1121,7.92,131.0,0
1122,7.27,124.0,0
1123,5.13,148.0,1
1124,8.46,115.0,1
1125,5.12,128.0,0
1126,6.86,93.0,0
1127,5.59,107.0,0
1128,6.42,129.0,0
1129,6.89,132.0,0
1130,6.89,109.0,1
1131,7.01,114.0,1
1132,8.44,85.0,0
1133,7.04,108.0,0
1134,6.21,133.0,1
1135,7.66,127.0,1
1136,7.93,125.0,1
1137,5.03,116.0,0
1138,7.22,115.0,0
1139,7.34,102.0,0
1140,6.14,129.0,0
1141,8.15,123.0,1
1142,6.32,125.0,0
1143,6.65,104.0,1
1144,6.29,80.0,0
1145,6.52,137.0,1
1146,5.18,105.0,0
1147,4.77,98.0,0
1148,8.41,129.0,1
1149,5.48,107.0,0
1150,5.31,136.0,0
1151,4.0,127.0,0
1152,5.73,129.0,0
1153,4.91,88.0,0
1154,8.47,139.0,0
1155,7.71,120.0,1
1156,5.67,108.0,0
1157,9.2,118.0,1
1158,7.68,80.0,0
1159,6.11,123.0,0
1160,4.0,94.0,0
1161,9.25,88.0,0
1162,4.83,85.0,0
1163,4.53,137.0,0
1164,7.73,102.0,1
1165,9.43,146.0,1
1166,8.16,104.0,1
1167,7.18,81.0,0
1168,7.21,93.0,0
1169,7.52,140.0,1
1170,7.41,112.0,0
1171,6.84,104.0,0
1172,6.63,118.0,0
1173,6.42,125.0,0
1174,5.6,137.0,0
1175,6.16,144.0,1
1176,4.47,108.0,0
1177,6.38,88.0,0
1178,5.31,107.0,0
1179,5.18,120.0,0
1180,6.72,96.0,1
1181,8.17,96.0,1
1182,7.6,122.0,1
1183,4.62,114.0,0
1184,5.31,116.0,0
1185,7.63,100.0,0
1186,5.32,110.0,0
1187,6.23,97.0,0
1188,7.16,133.0,1
1189,5.34,136.0,0
1190,6.63,80.0,0
1191,4.9,96.0,0
1192,5.78,85.0,0
1193,6.88,102.0,0
1194,4.59,113.0,0
1195,7.03,86.0,0
1196,6.48,97.0,0
1197,7.16,95.0,0
1198,6.77,119.0,0
1199,8.14,116.0,1
